product_id,title,shopify_cdn_url,category,color
14976,Zorelle|Trucotton Midi Length Milkmaid Dress,unknown,Dress,unknown
14977,Abril|Trucotton Embroidery Detail Midi Dress,unknown,Dress,unknown
14978,Jayden|Blue Straight Flared Denims,unknown,Jeans,unknown
14980,Renata|Blue Strappy Midi Dress,unknown,Dress,unknown
14981,Elyanna|Off-Shoulder Sweatshirt,unknown,Top,unknown
14982,Ayla Shorts|Pink Pull-On Shorts,unknown,Shorts,unknown
14983,Pola Shorts|Blue Pull-On Shorts,unknown,Shorts,unknown
14984,Ayla Hoodie|Cropped Boxy Pink Hoodie,unknown,Top,unknown
14985,Palmira Shirt|Rescued Polyester Abstract Print Shirt,unknown,Shirt,unknown
14987,Paz Top|Rescued Polyester Abstract Print Top,unknown,Top,unknown
14988,Valentina|Trucotton Midi Length Milkmaid Dress,unknown,Dress,unknown
14989,Louisa Top|Rescued Polyester Vneck Floral Print Top,unknown,Top,unknown
14990,Capri|Peplum Denim Cami Top,unknown,Top,unknown
14991,Archer|Blue Regular Flared Denims,unknown,Jeans,unknown
14992,Pola|Cropped Hoodie & Shorts Co-ord,unknown,Co-Ord,unknown
14994,Zoey|Oversized Black T-Shirt,unknown,Top,unknown
14995,Ayla|Hoodie & Shorts Co-Ord Set,unknown,Co-Ord,unknown
14996,Precious|Smocked Peplum Top With Bow,unknown,Top,unknown
14997,Kai|Cropped Elasticated Hoodie,unknown,Top,unknown
14998,Cookie|Black Bow Knot Tie-Up Top,unknown,Top,unknown
14999,Dream|Halter Neck Tiered Dress,unknown,Dress,unknown
15001,Roper|Oversized V-Neck T-Shirt,unknown,Top,unknown
15002,Pola Hoodie|Cropped Boxy Blue Hoodie,unknown,Top,unknown
15003,Amaz|Viscose+ Highneck Scooped Hem Regular Top,unknown,Top,unknown
15004,Louisa Pants|Rescued Polyester Floral Print Wide Pants,unknown,Trouser,unknown
15005,Paz Pants|Rescued Polyester Abstract Print Pant,unknown,Trouser,unknown
15006,Palmira Shorts|Rescued Polyester Abstract Print Shorts,unknown,Shorts,unknown
15008,Louisa Shirt|Rescued Polyester Floral Print Shirt,unknown,Shirt,unknown
15009,Jewel|Ribbed Lace Trim T-Shirt,unknown,Tshirt,unknown
15010,Love|Rose Applique Bodycon Dress,unknown,Dress,unknown
15012,Snow|Cupid Graphic Cutout T-Shirt,unknown,Tshirt,unknown
15013,Star|Lace V-Neckline Mini Dress,unknown,Dress,unknown
15014,Heart|Heart Printed Tank Top,unknown,Top,unknown
15019,Thea|Strappy Mini Lace Dress,unknown,Dress,unknown
15020,Sadira|Olive Strappy Gathered Top,unknown,Top,unknown
15021,Anoush|Colour Blocked Flared Skirt,unknown,Skirt,unknown
15023,Mina|Lace Detail Bubble Hem Dress,unknown,Dress,unknown
15025,Afareen|Strappy Gathered Dress,unknown,Dress,unknown
15026,Avni|Puff Sleeve Smocked Dress,unknown,Dress,unknown
15027,Zeinab|Peplum Top With Tie Detail,unknown,Top,unknown
15030,Nayera|Floral Print Blocked Shirt,unknown,Shirt,unknown
15031,Jessie|Ditsy Print Pleated Shirt,unknown,Shirt,unknown
15032,Esha|Lace Detail Flared Dress,unknown,Dress,unknown
15034,Eliya|Colour Blocked Layered Dress,unknown,Dress,unknown
15035,Heera|Brown Straight Fit Trousers,unknown,Trouser,unknown
15041,Navya|Colour Block Bow Tie-Up Top,unknown,Top,unknown
15044,Kristen|Trucotton Lace Detail Midi Dress,unknown,Dress,unknown
15046,Kandace|Cotton+ Crochet & Flared Hem Crop Top,unknown,Top,unknown
15049,Courtney|Trucotton Sleeveless Top With Flared Hem,unknown,Top,unknown
15050,Jacqueline|Trucotton Pintuck Detail Lace Shirt,unknown,Top,unknown
15052,Jayla|Trucotton Front Ruffled Embroidery Top,unknown,Top,unknown
15053,Lindsey|Embroidered Lace Two-Piece Top,unknown,Top,unknown
15056,Phyllis|Trucotton Crochet Mini Skirt With Fringes,unknown,Skirt,unknown
15057,Kelly|Trucotton Crochet Mini Skirt With Fringes,unknown,Skirt,unknown
15059,Juliana|Blue Lace Peplum Crop Top,unknown,Top,unknown
15060,Lottie|Viscose+ Lapel Collar Crop Lace Shirt,unknown,Top,unknown
15061,Katherine|Trucotton Tie Up Top With Lace Embroidery,unknown,Top,unknown
15063,Pamela|Trucotton Side Lace Detail Pullup Pants,unknown,Trouser,unknown
15064,Jennifer|Trucotton Gathered Hem Crochet Skirt,unknown,Skirt,unknown
15066,Mabel|Viscose+ Lapel Collar Crop Lace Shirt,unknown,Top,unknown
15067,Jenny|Embroidered Ruffled Top,unknown,Top,unknown
15069,Kimberly|Trucotton Lace Detail Midi Dress,unknown,Dress,unknown
15070,Amabel|Trucotton Strappy Squareneck Knit Top,unknown,Top,unknown
15071,Tracey|Multicolour Knit Top,unknown,Top,unknown
15073,Illyrial|Trucotton Multicolour Sleeveless Knit Top,unknown,Top,unknown
15074,Elspeth|Red Knit Strappy Crop Top,unknown,Top,unknown
15076,Sabine|Trucotton Knit Structure Achromatic Top,unknown,Top,unknown
15077,Saskia|Trucotton Front Button Closure Cardigan,unknown,Top,unknown
15079,Anouk|Trucotton Front Button Closure Cardigan,unknown,Top,unknown
15080,Leocadia|Trucotton Knit Structure Achromatic Top,unknown,Top,unknown
15081,Fiorella|Strappy Square Neck Top,unknown,Top,unknown
15083,Maelis|Knitted Strappy Crop Top,unknown,Top,unknown
15084,Reya|Front Open Twill Dress,unknown,Dress,unknown
15086,Lisa|Front Open Cropped Jacket,unknown,Jacket,unknown
15087,Aiyla|Black Utilitarian Shacket,unknown,Jacket,unknown
15088,Lorah|Cropped Trench Coat Cape,unknown,Jacket,unknown
15091,Rome|Navy Blue Cropped Jacket,unknown,Jacket,unknown
15092,Emine|Beige Cropped Trench Coat,unknown,Jacket,unknown
15094,Flora|Trucotton Cropped Front Tie Up Top,unknown,Top,unknown
15095,Alexa|Trucotton V-Neck Sleeveless Boxy Top,unknown,Top,unknown
15096,Giselle|Trucotton Knited Fullsleeve Raglan Top,unknown,Top,unknown
15098,Ellois|Cotton+ Frontopen Embroidery Tieup Top,unknown,Top,unknown
15099,Barabara|Viscose+ Full Sleeve V-Knit Cardigan,unknown,Top,unknown
15101,Cecelia|Viscose+ Full Sleeve V-Knit Cardigan,unknown,Top,unknown
15102,Lyric|Viscose+ Highneck Flatknit Sleeveless Top,unknown,Top,unknown
15103,Jazmyn|Trucotton Knit Full Sleeve Crop Top,unknown,Top,unknown
15105,Aubrie|Viscose+ Highneck Flatknit Sleeveless Top,unknown,Top,unknown
15106,Frankie|Trucotton Cropped Front Tie Up Top,unknown,Top,unknown
15108,Gwen|Trucotton Knited Fullsleeve Raglan Top,unknown,Top,unknown
15109,Melody|Cotton+ Knitted Front Open Crop Top,unknown,Top,unknown
15111,Vihana|Blue Full Sleeve Crop Top,unknown,Top,unknown
15113,India|Trucotton Knitted Front-Open Cardigan,unknown,Top,unknown
15114,Eliza|Cotton+ Fitted Scoop Neck Crop Top,unknown,Top,unknown
15116,Hunter|Cotton+ Full Sleeve Oversized Collar Top,unknown,Top,unknown
15117,Darla|Viscose+ Highneck Scooped Hem Regular Top,unknown,Top,unknown
15119,Haven|Cotton+ Full Sleeve Oversized Collar Top,unknown,Top,unknown
15120,Sasha|Viscose+ Shirtcollar Fitted Knit Crop Top,unknown,Top,unknown
15122,Rubie|Cotton+ Frontopen Embroidery Tieup Top,unknown,Top,unknown
15124,Alabama|Trucotton Knitted Front-Open Cardigan,unknown,Top,unknown
15125,Molly|Trucotton Back Cutout V-Neck Shirt,unknown,Shirt,unknown
15127,Nylah|Viscose+ Offshoulder Mini Dress With Pocket,unknown,Dress,unknown
15128,Pepper|Cotton+ Black Puff Sleeve Mini Dress,unknown,Dress,unknown
15130,Milo|Viscose+ Grery V-Neck Sleeveless Vest,unknown,Top,unknown
15131,Quincy|Viscose+ Striped Fitted V-Neck Dress,unknown,Dress,unknown
15132,Meredith|Viscose+ Checked Pleated Mini Skirt,unknown,Skirt,unknown
15133,Peyton|Cotton+ Maxi Dress With Back Cutout,unknown,Dress,unknown
15135,Nina|Viscose+ Mini Pleated Skirt With Pocket,unknown,Skirt,unknown
15137,Abby|Polka Co-Ord Set,unknown,Co-Ord,unknown
15138,Linda|Cotton Co-Ords Set,unknown,Co-Ord,unknown
15140,Nala|Rescued Polyester Printed Ruched Maxi Dress,unknown,Dress,unknown
15142,Raisha|Cotton Top & Pants Co-Ord,unknown,Co-Ord,unknown
15143,Cosette|Modal+ Asymmetrical Hem Frill Dress,unknown,Dress,unknown
15145,Tishah|Mini Polka Dress With Ruffles,unknown,Dress,unknown
15146,Nora|Rescued Satin Butterfly Printed Shirt,unknown,Top,unknown
15148,Leila|Rescued Satin Printed Belted Midi Dress,unknown,Dress,unknown
15150,Asiya|One Shoulder Maxi Dress,unknown,Dress,unknown
15152,Apala|Rescued Georgette Asymmetric Ruffle Maxi Dress,unknown,Dress,unknown
15153,Samara|Rescued Georgette Halter Neck Maxi Dress,unknown,Dress,unknown
15155,Layla|Rescuedgeorgette Vertical Ruffle Detail Top,unknown,Top,unknown
15157,Serenity|Trucotton Dolman Sleeve Shirt Dress,unknown,Dress,unknown
15158,Tinsley|Trucotton Strappy Square Neck Mini Dress,unknown,Dress,unknown
15159,Theal|Blue Strappy Mini Dress,unknown,Dress,unknown
15161,Suki|Trucotton Highlow Top With Puff Sleeves,unknown,Top,unknown
15164,Savannah|Trucotton Dolman Sleeve Shirt Dress,unknown,Dress,unknown
15166,Stevie|Trucotton Regular Paperbag Waist Pants,unknown,Trouser,unknown
15168,Tabitha|Oversized Floral Embroidered Shirt,unknown,Shirt,unknown
15171,Sailor|Trucotton Maxi Front Open Floral Dress,unknown,Dress,unknown
15174,Romie|Floral Tie Strap Mini Dress,unknown,Dress,unknown
15175,Miesha Skirt|Lace Detail Gathered Skirt,unknown,Skirt,unknown
15177,Ghazal Top|White Tie Strap Peplum Top,unknown,Top,unknown
15181,Faith|Black Tunic & Pants Co-Ord,unknown,Co-Ord,unknown
15183,April|Lace Strap Tiered Dress,unknown,Dress,unknown
15184,June Skirt|Blue Tiered Maxi Skirt,unknown,Skirt,unknown
15186,Delilah|Puff Sleeve A-Line Dress,unknown,Dress,unknown
15188,Sadie Pants|Red Lace Detail Flared Pants,unknown,Trouser,unknown
15191,Brielle|Ric Rac Lace Black Co Ords,unknown,Co-Ord,unknown
15193,Brielle Skirt|Ric Rac Lace Tiered Skirt,unknown,Skirt,unknown
15195,Alaia Shrug|Full Puff Sleeve Shrug,unknown,Top,unknown
15196,Kehlani|Strappy Maxi Dress,unknown,Dress,unknown
15198,Blake|Full Sleeve Lace Trim Shirt,unknown,Top,unknown
15200,June Top|Crop Top With Lace Strap,unknown,Top,unknown
15202,Ghazal Skirt|Lace Detail Flared Skirt,unknown,Skirt,unknown
15203,Faith Top|Lace Trim Tunic With Slit,unknown,Top,unknown
15205,Sadie|Red Tunic & Pants Co-Ord,unknown,Co-Ord,unknown
15207,Miesha Top|Black Tie Strap Peplum Top,unknown,Top,unknown
15209,Faith Pants|Lace Detail Flared Pants,unknown,Trouser,unknown
15211,Brielle Top|Black Ric Rac Lace Crop Top,unknown,Top,unknown
15213,Miesha|Top & Skirt Black Co Ords,unknown,Co-Ord,unknown
15215,Emery|Black Strappy Dress,unknown,Dress,unknown
15216,Ghazal|Top & Skirt White Co Ords,unknown,Co-Ord,unknown
15218,Rylee Skort|Black Ric Rac Lace Skort,unknown,Shorts,unknown
15220,Opal|Lace Detailed Floral Maxi Dress,unknown,Dress,unknown
15222,Rylee Top|Black Ric Rac Lace Shirt,unknown,Top,unknown
15224,Sadie Top|Boat Neck Lace Trim Tunic,unknown,Top,unknown
15226,Rylee|Black Ric Rac Lace Co-Ords,unknown,Co-Ord,unknown
15228,Beuren|Puffed Balloon Sleeve Shrug,unknown,Top,unknown
15230,June|Blue Lace Detail Co Ords,unknown,Co-Ord,unknown
15232,Odina|Trucotton Bomber Jacket With Rib Collar,unknown,Jacket,unknown
15234,Yolanda|Rescued Polyester Waist Pleated Polka Dress,unknown,Dress,unknown
15236,Reyna |Cotton Polka Crop Blazer,unknown,Jacket,unknown
15238,Ruhi|Dress With Gather Details,unknown,Dress,unknown
15240,Delphie|Strappy Smocking Denim Dress,unknown,Dress,unknown
15241,Isa|Blue High Waist Jeans,unknown,Trouser,unknown
15243,Eira|Blue Denim Smocking Dress,unknown,Dress,unknown
15246,Gaia|Blue Wide Leg Denim,unknown,Trouser,unknown
15247,Dove|Dark Blue Denim Shirt,unknown,Shirt,unknown
15249,Mae|Dark Blue Wrap Mini Skirt,unknown,Skirt,unknown
15250,Zaya|Black High Waist Jeans,unknown,Trouser,unknown
15252,Noa|Grey Wide Leg Denim,unknown,Trouser,unknown
15253,Heather|Drop Shoulder Trucker Jacket,unknown,Shirt,unknown
15257,Verity|Light Blue Wrap Mini Skirt,unknown,Skirt,unknown
15259,Blue|Denim Pintuck Crop Shirt,unknown,Shirt,unknown
15260,Rio|Dark Blue High Waist Jeans,unknown,Trouser,unknown
15262,Sunny|Cotton Panelled Trousers,unknown,Jeans,unknown
15264,Rain|Cotton Denim Fusion Midi Skirt,unknown,Skirt,unknown
15268,Raisha Top|Cotton Smocking Top,unknown,Top,unknown
15270,Esin|Blue Oversized Plaid Shirt,unknown,Shirt,unknown
15272,Ceylan|Cotton Plaid Shacket,unknown,Shirt,unknown
15273,Penelope|Green Cropped Plaid Shacket,unknown,Shirt,unknown
15275,Karal |Paneled Fitted Bodice Dress,unknown,Dress,unknown
15277,Charlotte|Trucotton White Pant With Rough Edge,unknown,Trouser,unknown
15279,RihannaTop|Blue Embroidered Vest,unknown,Top,unknown
15280,Xena|Linen+Olive Overlap Tie-Up Pant,unknown,Trouser,unknown
15282,Ophelia|Blue Pleated Flared Jeans,unknown,Trouser,unknown
15284,Gemma|Trucotton Pink Pleated Flared Pant,unknown,Trouser,unknown
15286,Beatrice|Blue Overlap Wrap Pants,unknown,Trouser,unknown
15288,Sophia|Trucotton Rough Edged Olive Pant,unknown,Trouser,unknown
15290,Lily|Truviscose Floral Front Knotted Top,unknown,Top,unknown
15292,Taylor Top|Floral Square-Neck Top,unknown,Top,unknown
15293,Britney|Linen+ Olive Linen Co Ord Set,unknown,Co-Ord,unknown
15295,Rihanna|Rose Detail Co-Ord Set,unknown,Co-Ord,unknown
15297,Rosalie|Truviscose Floral Side-Slit With Ruching Skirt,unknown,Skirt,unknown
15299,Taylor Skirt|Floral Ruffle-Hem Skirt,unknown,Skirt,unknown
15301,Sza|Linen+ Mini Dress With Front Button,unknown,Dress,unknown
15303,Doja Shirt| Rescued Polyester Printed Roll-Up Sleeve Shirt,unknown,Top,unknown
15305,Halsey|Viscose+ Off White Floral Co-Ords,unknown,Co-Ord,unknown
15307,Taylor|Floral Co-Ord Set,unknown,Co-Ord,unknown
15309,Britney Top|Linen+ Olive Rose Embroidered Vest,unknown,Top,unknown
15311,Yara|Truviscose Front Button-Down Midi Dress,unknown,Dress,unknown
15312,Shakira|Rescued Polyester Floral Gathered Midi Dress,unknown,Dress,unknown
15314,Cher|Rescued Polyester Green Floral Co-Ord Set,unknown,Co-Ord,unknown
15316,Rihanna Shorts|Blue Flap-Pocket Shorts,unknown,Shorts,unknown
15318,Rumi Skirt|Rescued Polyester Floral Midi Skirt,unknown,Skirt,unknown
15320,Rumi Top|Rescued Polyester Printed Corset Top,unknown,Top,unknown
15322,Tyla|Truviscose Floral Pleated Waist Midi Dress,unknown,Dress,unknown
15324,Adela|Trucotton Red Tiered Midi Dress,unknown,Dress,unknown
15326,Lizzo|Floral Waist Detail Dress,unknown,Dress,unknown
15328,Oceane|Blue Rose-Print Puff Top,unknown,Top,unknown
15330,Doja Shorts| Rescued Polyester Printed Side Pocket Shorts,unknown,Shorts,unknown
15331,Doja|Rescued Polyester Orange Floral Co-Ord Set,unknown,Co-Ord,unknown
15333,Britney Shorts|Linen+ Olive Bermuda Shorts,unknown,Shorts,unknown
15335,Valeria|Viscose+ Printed Full Sleeve Shirt,unknown,Top,unknown
15337,Fleur|Rescued Polyester V-Neck Floral Mini Dress,unknown,Dress,unknown
15339,Madonna|Viscose+ Printed Strappy Midi Dress,unknown,Dress,unknown
15341,Cher Shorts| Rescued Polyester Printed Side Pocket Shorts,unknown,Shorts,unknown
15343,Cher Shirt| Rescued Polyester Printed Roll-Up Sleeve Shirt,unknown,Top,unknown
15345,Leonie|Pink Rose-Print V-Neck Top,unknown,Top,unknown
15346,Helene|Mini Dress With Pleated Waist,unknown,Dress,unknown
15348,Halsey Shorts|Viscose+ Off-White Waist Tie-Up Shorts,unknown,Shorts,unknown
15350,Halsey Top|Viscose+ Off White Front Gathered Top,unknown,Top,unknown
15352,Flavia|Viscose+ Printed Full Sleeve Shirt,unknown,Top,unknown
15355,Linda Top|Cotton Strapless Top,unknown,Top,unknown
15357,Saira|Side Shoulder Pleated Top,unknown,Top,unknown
15358,Emma|Brown Shoulder Pleated Top,unknown,Top,unknown
15360,Linda Pants|Cotton Wide High Pants,unknown,Trouser,unknown
15363,Raisha Pants|Cotton Flared Pants,unknown,Trouser,unknown
15364,Steffi|Strappy Ruched Midi Dress,unknown,Dress,unknown
15366,Abby Skirt|Vertical Ruffle Polka Skirt,unknown,Skirt,unknown
15368,Sherly|Pink Ruched Midi Dress,unknown,Dress,unknown
15369,Abby Top|Strappy Polka Peplum Top,unknown,Top,unknown
15371,Callista|Trucotton Smocked Puff Sleeve Midi Dress,unknown,Dress,unknown
15373,Mirabel|Truviscose Button Down Ruffle Neck Dress,unknown,Dress,unknown
15375,Lavinia|Multi Button Down Dress,unknown,Dress,unknown
15377,Khai|Rescuedgeorgette Off-Shoulder Crop Top,unknown,Top,unknown
15378,Farah|Rescuedgeorgette Ruffle Detailed Midi Dress,unknown,Dress,unknown
15380,Tahira|Long Sleeve Ruffle Dress,unknown,Dress,unknown
15381,Gia|Rescuedgeorgette Vertical Ruffle Detail Top,unknown,Top,unknown
15383,Zeina|Blue Ruffle Dress with Slit,unknown,Dress,unknown
15385,Nasira|Rescuedgeorgette Ruffle Detailed Mini Dress,unknown,Dress,unknown
15387,Emara|Rescuedgeorgette Ruffle Detailed Midi Dress,unknown,Dress,unknown
15389,Safa|Rescuedgeorgette Ruffle Slit Maxi Dress,unknown,Dress,unknown
15391,Priscilla|Rescuedgeorgette Off-Shoulder Crop Top,unknown,Top,unknown
15393,Blakely|Rescued Polyester Layered Detail Top,unknown,Top,unknown
15395,Briar|Viscose+ Midi & Square Neck Bodycon Dress,unknown,Dress,unknown
15397,Queen|Viscose+ Side Gathered & Fitted Midi Dress,unknown,Dress,unknown
15399,Cove|Linen+ Double Breasted Blazer Dress,unknown,Dress,unknown
15401,Delany Shorts|Linen+ Pinstripe Knee Length Shorts,unknown,Shorts,unknown
15403,Chicago|Rescued Poly Layered Assymetric Neck Tie Top,unknown,Shirt,unknown
15405,Alaina Top|Linen+ Waistcoat With Princess Line Detail,unknown,Top,unknown
15407,Delany Blazer|Linen+ Pinstripe Long Sleeve Blazer,unknown,Jacket,unknown
15409,Madeline|Viscose+ Black High Waist Trousers,unknown,Trouser,unknown
15411,Delany Waistcoat|Linen+ Pinstripe Regular Fit Waistcoat,unknown,Top,unknown
15413,North|Rayon+ Vneck & Gathered Waist Midi Dress,unknown,Dress,unknown
15415,Alaina Skirt|Linen+ Double Breasted Midi Skirt,unknown,Skirt,unknown
15417,Saige Top|Linen+ Waistcoat With Princess Line Detail,unknown,Top,unknown
15419,Arabella|Blue Square Neck Layer Top,unknown,Top,unknown
15421,Saige Skirt|Linen+ Double Breasted Slit Midi Skirt,unknown,Skirt,unknown
15422,Adelaide|Viscose+ Khakhi High Waist Trousers,unknown,Trouser,unknown
15424,Delany Pants|Linen+ Pinstripe Straight Fit Trouser,unknown,Trouser,unknown
15426,Emerly|Linen+ Straight Trousers With Side Pocket,unknown,Trouser,unknown
15428,Alba|Cotton Tapered Trousers,unknown,Trouser,unknown
15430,Cabello|Puff Sleeved Smocking Top,unknown,Top,unknown
15432,Belen|Cotton Puff Sleeve Top,unknown,Top,unknown
15435,Floraine|Cotton Lace Floral Dress,unknown,Dress,unknown
15437,Derya|Cotton Bodycon Dress,unknown,Dress,unknown
15440,Flaura|Cotton Tie-At-Front Top,unknown,Top,unknown
15442,Blanca|Cotton Linen Bodycon Dress,unknown,Dress,unknown
15444,Velicia|Cotton Vest And Skirt Set,unknown,Co-Ord,unknown
15446,Silvia|Cotton Floral Co-Ord Set,unknown,Co-Ord,unknown
15449,Paloma|Linen Sleeveless Top,unknown,Top,unknown
15451,Violeta|Linen Printed Midi Dress,unknown,Dress,unknown
15453,Nell|Cotton Boxy Shirt,unknown,Shirt,unknown
15458,Velicia Top|Cotton Linen Tie-Front Vest,unknown,Top,unknown
15460,Velicia Skirt|Cotton Drawstring Skirt,unknown,Skirt,unknown
15463,Lorena Skirt|Cotton Scallop Mini Skirt,unknown,Skirt,unknown
15465,Silvia Top|Cotton Tie-Front Vest,unknown,Top,unknown
15470,Natalia|Cotton Printed Co-Ord Set,unknown,Co-Ord,unknown
15472,Lucia|Cotton Printed Boxy Shirt,unknown,Shirt,unknown
15475,Elena|Cotton Regular Boxy Shirt,unknown,Shirt,unknown
15477,Lisha|Scallop Cotton Midi Dress,unknown,Dress,unknown
15480,Aitana|Linen Mandarin Collar Top,unknown,Top,unknown
15484,Lorena|Cotton Scallop Co-Ord Set,unknown,Co-Ord,unknown
15487,Natalia Skirt|Cotton Scallop Hem Skirt,unknown,Skirt,unknown
15489,Silvia Skirt|Cotton Ruching Skirt,unknown,Skirt,unknown
15492,Lola|Cotton Linen Trouser,unknown,Trouser,unknown
15495,Florencia|Cotton Scallop Midi Dress,unknown,Dress,unknown
15500,Lorena Top|Linen Scallop Printed Top,unknown,Top,unknown
15503,Lona|Linen Floral High Neck Top,unknown,Top,unknown
15505,Dulce|Linen Scallop Top,unknown,Top,unknown
15510,Leiala|Viscose Tiered Dress,unknown,Dress,unknown
15513,Azreen|Viscose Back Detail Dress,unknown,Dress,unknown
15518,Daira|Cotton Striped Shirt Dress,unknown,Dress,unknown
15521,Naya|Viscose Floral Print Dress,unknown,Dress,unknown
15523,Shirin|Viscose Strappy Dress,unknown,Dress,unknown
15525,Paige|Viscose+ Bermuda Shorts With Contrast Waistband,unknown,Shorts,unknown
15528,Marsha|Truviscose Beige Midi Shirt Dress With Belt,unknown,Dress,unknown
15533,Hudson|Tru Cotton Black Belted Midi Dress,unknown,Dress,unknown
15536,Juniper|Trucotton Long Sleeve Formal Shirt,unknown,Shirt,unknown
15538,Quinn|Viscose+ Pencil Midi Skirt With Side Ruching,unknown,Skirt,unknown
15541,Krysten|Viscose+ Checked Straight Fit Pant,unknown,Trouser,unknown
15543,Brynn|Viscose+ Navy Pleated Flare Pant With Tie-Up Waist,unknown,Trouser,unknown
15545,Tisha|Cotton A-Line Midi Dress,unknown,Dress,unknown
15547,Parker|Viscose+ Grey Flared Pant With Pleats,unknown,Trouser,unknown
15550,Addison|Viscose+ Brown Pleated Pant,unknown,Trouser,unknown
15552,Meghan|Rescued Georgette Polka Top With Tie-Up At Neck,unknown,Top,unknown
15555,Emerson|Viscose+ Grey Checked Mini Skirt,unknown,Skirt,unknown
15557,Diane|Trucotton High Neck Top With Full Sleeve,unknown,Top,unknown
15559,Marina|Rescued Satin Printed Accordian Midi Skirt,unknown,Skirt,unknown
15562,Kaylee|Viscose+ Checked Tailored Pant,unknown,Trouser,unknown
15564,Skye|Halter Checked Vest,unknown,Top,unknown
15567,Serina|Viscose+ Mini Dress Asymmetric Sleeve And Draped Waist,unknown,Dress,unknown
15569,Tonya|Viscose+ Brown Pleated Shorts,unknown,Shorts,unknown
15571,Yasha|Rescued Satin Rose Printed Shirt,unknown,Shirt,unknown
15574,Shonda|Rescued Georgette Green Ruffle Blouse,unknown,Top,unknown
15576,Madison|Viscose+ Black Single Breasted Blazer,unknown,Jacket,unknown
15579,Shayla|Double-Breasted Coat Tie Dress,unknown,Dress,unknown
15581,Nikohl|Truviscose Oversize Ivory Shirt With Pockets,unknown,Shirt,unknown
15584,Morgan|Viscose+ Black Straight Fit Pant,unknown,Trouser,unknown
15587,Brianna|Viscose+ One-Shoulder Belted Fitted Top,unknown,Top,unknown
15589,Riley|Viscose+ Black Tailored Shorts,unknown,Shorts,unknown
15592,Avery|Viscose+ Cami Strappy Top,unknown,Top,unknown
15594,Tasha|Viscose+ Grey Blazer With Power Shoulder,unknown,Top,unknown
15597,Jacinda|Cotton Cap Sleeve Shirt,unknown,Shirt,unknown
15599,Victoria|Viscose+ Asymmetric Waist Straight Pant With Pleats,unknown,Trouser,unknown
15601,Alexandra|Viscose+ Navy Crop Vest With Side Tie-Up,unknown,Top,unknown
15604,Denise|Viscose+ Grey Corset Crop Top With  V-Neck,unknown,Top,unknown
15607,Gina|Viscose+ Black Tapered Pleated Pant,unknown,Trouser,unknown
15610,Leighton|Front Tie Blue Coat Dress,unknown,Dress,unknown
15612,Greer|Viscose+ Black Flared Pant With Pleats,unknown,Trouser,unknown
15614,Arielle|Viscose+ Grey Pleated Flap Mini Skorts,unknown,Skorts,unknown
15617,Shiloh|Viscose+ Black Side Pleated Tulip Midi Skirt,unknown,Skirt,unknown
15619,Tonya|Viscose+ Grey Asymmetric Waist Shorts,unknown,Shorts,unknown
15622,Taliyah|Viscose+ Striped Tailored Pant,unknown,Trouser,unknown
15624,Aloma|Rescued Satin Floral Printed Shirt,unknown,Shirt,unknown
15626,Melora|Viscose+ Grey Tapered Pleated Pant,unknown,Trouser,unknown
15629,Auden|Rescued Georgette Ivory Ruffle Blouse,unknown,Top,unknown
15631,Leisha|Viscose+ Bodycon Mini Dress With Side Ruching,unknown,Dress,unknown
15634,Zarmin|High-Low Hem Shirt,unknown,Shirt,unknown
15638,Trina|Trucotton U-Neckline Midi Dress With Belt,unknown,Dress,unknown
15640,Skylar|Viscose+ Checked Pattern Halter Neck Vest,unknown,Top,unknown
15643,Hernes|Cotton Polka Co-Ord Set,unknown,Co-Ord,unknown
15648,Nayab|Poplin Smocking Top,unknown,Top,unknown
15651,Tamara|Cotton Twill Smocking Top,unknown,Top,unknown
15654,Romy|Poplin Smocking Shirt,unknown,Top,unknown
15658,Bailey|Cotton Dress With Smocking,unknown,Dress,unknown
15662,Mahira|Poplin Blouson-Sleeve Dress,unknown,Dress,unknown
15665,Audrey|Cotton Twill Midi Dress,unknown,Dress,unknown
15668,Pippa|Poplin Kimono Sleeve Top,unknown,Top,unknown
15672,Carlienna|Cotton Bow-Detail Dress,unknown,Dress,unknown
15675,Boe|Cotton-Satin Dress With Bow,unknown,Dress,unknown
15678,Bria|Cotton Big Bow Crop Top,unknown,Top,unknown
15682,Starlet|Classy Cotton Mini Dress,unknown,Dress,unknown
15686,Tia|Cotton Strappy Bow Dress,unknown,Dress,unknown
15689,Steven|Cotton Polka Ruffle Top,unknown,Top,unknown
15693,Kial|Cotton Smocking Maxi Dress,unknown,Dress,unknown
15697,Camele|Cotton Back Tie-Up Dress,unknown,Dress,unknown
15703,Hernes Blazer|Cotton Polka Crop Blazer,unknown,Jacket,unknown
15707,Lora|Cotton Boat Neck Dress,unknown,Dress,unknown
15710,Stephany|Cotton Puff-Sleeve Top,unknown,Top,unknown
15713,Belmos|Cotton-Jersey Bow Top,unknown,Dress,unknown
15717,Brienne|Cotton Midi Dress With Bow,unknown,Dress,unknown
15721,Carlie|Cotton Dress With Front Bow,unknown,Dress,unknown
15724,Lexi Top|Cotton Peplum Smocking Top,unknown,Top,unknown
15727,Lexi Skirt|Cotton Smocking Mini Skirt,unknown,Skirt,unknown
15729,Alisha|Modal Mini Layered Skirt,unknown,Skirt,unknown
15732,Lexi|Cotton Peplum Co-Ord Set,unknown,Co-Ord,unknown
15739,Thames|Cotton Front Tie-Up Top,unknown,Top,unknown
15742,Margaux|Cotton Tie-Front Top,unknown,Top,unknown
15745,Aurelie|Gathered Cotton Mini Skirt,unknown,Skirt,unknown
15748,Clemence|Cotton Poplin Corset Top,unknown,Top,unknown
15752,Camlia|Cotton Gathered Mini Skirt,unknown,Skirt,unknown
15756,Pernea|Cotton Flared Tier Dress,unknown,Dress,unknown
15759,Lauren|Cotton Front Tie Dress,unknown,Dress,unknown
15762,Ellery|Cotton Ruffled Crop Top,unknown,Top,unknown
15773,Brinda|Cotton Flared Mini Dress,unknown,Dress,unknown
15777,Brie|Crop Top With Big Bow Detail,unknown,Top,unknown
15780,Stephen|Cotton Puff Sleeve Top,unknown,Shirt,unknown
15783,Besmo|Cotton Knitted Bow Top,unknown,Dress,unknown
15786,Ellara|Cotton Mini Skirt With Bow,unknown,Skirt,unknown
15789,Phia|Front-Slit Polka Print Skirt,unknown,Skirt,unknown
15794,Bernice|Cotton Voluminous Maxi Dress,unknown,Dress,unknown
15797,Hernes Top|Cotton Polka Crop Top,unknown,Top,unknown
15801,Hernes Skirt|Cotton Polka Midi Skirt,unknown,Skirt,unknown
15805,Blaine|Waist Detail Midi Dress,unknown,Dress,unknown
15816,Sabeen|Cotton Round Neck Tank Top,unknown,Top,unknown
15819,Tella|Cotton White Tank Top,unknown,Top,unknown
15824,Arisha|Cotton Blue Tank Top,unknown,Top,unknown
15828,Trish|Cotton Striped Tank Top,unknown,Top,unknown
15831,Emilie|Cotton Coral Midi Dress,unknown,Dress,unknown
15843,Gabrielle|Denim Banded Flared Dress,unknown,Dress,unknown
15847,Ingrid|Broderie Anglais Shirt,unknown,Shirt,unknown
15850,Edith|Broderie Anglais Shirt,unknown,Shirt,unknown
15854,Bexie|Denim Relaxed Fit Jacket,unknown,Jacket,unknown
15858,Draven|Denim Midi Skirt With Slit,unknown,Skirt,unknown
15861,Ryder|Denim Trucker Jacket,unknown,Jacket,unknown
15865,Axel|Denim Panelled Midi Skirt,unknown,Skirt,unknown
15868,Scout|Denim Bubble Mini Skirt,unknown,Skirt,unknown
15871,Piper|Denim Low-Rise Pants,unknown,Jeans,unknown
15875,Wren|Denim Wide Leg Pants,unknown,Jeans,unknown
15879,Vale|Denim Fit & Flare Skirt,unknown,Skirt,unknown
15882,Kaia|Denim Fitted Mini Skorts,unknown,Skorts,unknown
15886,Sloane|Denim Midi Slit Skirt,unknown,Skirt,unknown
15890,Dusk|Denim Skirt With Raw Edges,unknown,Skirt,unknown
15901,Seraphine|Cotton Sheath Mini Dress,unknown,Dress,unknown
15905,Leora|Cotton Front-Tie Dress,unknown,Dress,unknown
15910,Nyla|Cotton Ruffled Skort Dress,unknown,Dress,unknown
15913,Bridget|Debonair Cotton Crop Shirt,unknown,Shirt,unknown
15915,Izzy|Sleek Cotton Crop Shirt,unknown,Shirt,unknown
15918,Adenna|Urbane Cotton Crop Shirt,unknown,Shirt,unknown
15924,Shawn|Suave Cotton Striped Shirt,unknown,Shirt,unknown
15927,Alanna|Gorgeous stripe Midi Dress,unknown,Dress,unknown
15931,Gabanna|Cottton Front-Tie Crop Top,unknown,Top,unknown
15934,Swaine|Cotton Smocked Top,unknown,Top,unknown
15940,Starla|Cotton Mini Wrap Skort,unknown,Shorts,unknown
15947,Moana|Cotton Front Cut-Out Dress,unknown,Dress,unknown
15951,Frida|Gingham Off-Shoulder Dress,unknown,Dress,unknown
15954,Querra|Cotton Front-Tie Waistcoat,unknown,Top,unknown
15957,Chala|Cotton Corset Smocking Top,unknown,Top,unknown
15960,Charlet Skirt|Cotton Gingham Skirt,unknown,Skirt,unknown
15963,Charlet|Cotton Gingham  Co-Ord,unknown,Co-Ord,unknown
15966,Shiah|Cotton Halter Neck Top,unknown,Top,unknown
15970,Dani|Cotton Tiered Mini Skirt,unknown,Skirt,unknown
15974,Suzaine|Cotton Smocking Dress,unknown,Dress,unknown
15977,Vermia|Cotton Mini Jumpsuit,unknown,Playsuit,unknown
15984,Eliah|Cotton Puff Sleeve Top,unknown,Top,unknown
15992,Callia|Cotton Sheath Mini Dress,unknown,Dress,unknown
15995,Suzelle|Cotton Gingham Crop Top,unknown,Top,unknown
16005,Quince|Gingham Front Tie Shirt,unknown,Shirt,unknown
16015,Miles Shirt|Throw On Shirt,unknown,Shirt,unknown
16018,Miles Top|Breezy Cotton Bandeau,unknown,Top,unknown
16021,Miles Shorts|Zesty Cotton Mini Shorts,unknown,Shorts,unknown
16025,Alfie Skirt|Flowy Cotton Godet Skirt,unknown,Skirt,unknown
16028,Alfie Top|Striking Cotton Bandeau,unknown,Top,unknown
16032,Tara Skirt|Balinese Cotton Slit Skirt,unknown,Skirt,unknown
16035,Alfie|Torrid Cotton Co-Ord,unknown,Co-Ord,unknown
16040,Jasper |Sublime Poplin Co-Ord,unknown,Co-Ord,unknown
16043,Suzanne Skirt|Torrid Cotton Drill Skirt,unknown,Skirt,unknown
16046,Roxanne Skirt|Cotton Drill Slit Skirt,unknown,Skirt,unknown
16050,Tara Bandeau|Cotton Front Knot Top,unknown,Top,unknown
16053,Sweenie Top|Divine Cotton Peplum Top,unknown,Top,unknown
16056,Belavous Skirt|Floral  Modal Midi,unknown,Skirt,unknown
16060,Suzanne|Drill Cotton Co-Ord,unknown,Co-Ord,unknown
16063,Smaira|Cotton Bow Crop Top,unknown,Top,unknown
16066,Sweenie|Pleated Co-Ord,unknown,Co-Ord,unknown
16069,Belavous|Floral Modal Co-Ord,unknown,Co-Ord,unknown
16073,Maira|Cotton Front Tie Top,unknown,Top,unknown
16075,Belavous Top|Floral Modal Crop Top,unknown,Top,unknown
16078,Kaira Skirt|Cascade Midi Hem Skirt,unknown,Skirt,unknown
16081,Anjali Skirt|Seraphic Pintuck Skirt,unknown,Skirt,unknown
16084,Kaira|Ethereal Cotton Co-Ord,unknown,Co-Ord,unknown
16087,Smehra Top|Vibrant Cotton Crop Top,unknown,Top,unknown
16090,Smehra Skirt|Vibrant Cotton Tier Skirt,unknown,Skirt,unknown
16093,Jasper Skirt|Sublime Cotton Midi Skirt,unknown,Skirt,unknown
16097,Jasper Top|Ruched Cotton Top,unknown,Top,unknown
16100,Anjali|Ethereal Floral Co-Ord,unknown,Co-Ord,unknown
16103,Anjali Top|Vesper Floral Crop Top,unknown,Top,unknown
16107,Tara|Balinese Cotton Co-Ord,unknown,Co-Ord,unknown
16110,Kaira Top|Cotton Puff Sleeve Top,unknown,Top,unknown
16113,Smehra|Vibrant Cotton Co-Ord,unknown,Co-Ord,unknown
16118,Roxanne| Cotton Drill Co-Ord,unknown,Co-Ord,unknown
16122,Roxanne Top|Cotton Drill Bandeau,unknown,Top,unknown
16125,Suzanne Top| Torrid Cotton Bandeau,unknown,Top,unknown
16129,Sweenie Skirt|Pleated Cotton Midi,unknown,Skirt,unknown
16131,Rowan|Comfy Viscose Jersey Top,unknown,Top,unknown
16135,Elizabeth Skirt|Cotton Gingham Mini Skirt,unknown,Skirt,unknown
16141,Elizabeth|Cotton Gingham Co-Ord Set,unknown,Co-Ord,unknown
16145,Florence|Cotton Gingham Co-Ord,unknown,Co-Ord,unknown
16151,Elizabeth Top|Cotton Gingham Crop Top,unknown,Top,unknown
16154,Florence Shorts|Cotton Gingham Mini Short,unknown,Shorts,unknown
16158,Eileen|Gingham Cotton Front-Tie Dress,unknown,Dress,unknown
16166,Florence Top|Cotton Gingham Crop,unknown,Top,unknown
16169,Alec|Cotton Criss-Cross Front Tie Top,unknown,Top,unknown
16173,Maddy|Tie-Up Gingham Cotton Top,unknown,Top,unknown
16176,Eveleen|Gingham Lace Tiered Dress,unknown,Dress,unknown
16179,Lacey|Gingham Lace Top,unknown,Top,unknown
16186,Sydney|Cool Knit Regular T-Shirt,unknown,Tshirt,unknown
16190,Cesia|Easy Knit Regular T-Shirt,unknown,Tshirt,unknown
16192,Yana|Edgy Knit Extended Sleeve Top,unknown,Top,unknown
16194,Ivy|Cool Knit Extended Sleeve Top,unknown,Top,unknown
16197,Sloan|Chic Knit Fitted Top,unknown,Top,unknown
16200,Leia|Plush Knit Fitted Top,unknown,Top,unknown
16202,Aisiri|Bold Knit Sleeveless Top,unknown,Top,unknown
16205,Vixen|Sleek Knit Sleeveless Top,unknown,Top,unknown
16208,Izza|Comfy Crop Boxy T-Shirt,unknown,Tshirt,unknown
16210,Rogue|Casual Crop Boxy T-Shirt,unknown,Tshirt,unknown
16214,Riona|Airy Knit Boxy T-Shirt,unknown,Tshirt,unknown
16217,Storm|Charming Knit Crop T-Shirt,unknown,Tshirt,unknown
16219,Gaaya|Cool Knit Boxy T-Shirt,unknown,Tshirt,unknown
16222,Harley|Playful Knit Crop T-Shirt,unknown,Tshirt,unknown
16226,Gazelle|Cosmic Flare Cotton Dress,unknown,Dress,unknown
16230,Bretton|Luxe Smocked Cotton Dress,unknown,Dress,unknown
16234,Monali|Empire Flare Cotton Dress,unknown,Dress,unknown
16239,Vaanya|Plush Smocked Cotton Dress,unknown,Dress,unknown
16244,Sunheri|Regal Flare Cotton Dress,unknown,Dress,unknown
16247,Mason|Comfy Cotton Smocking Top,unknown,Top,unknown
16250,Ava|Versatile Cotton Crop Top,unknown,Top,unknown
16253,Michael|Chic Cotton Cut-Out Dress,unknown,Dress,unknown
16256,Anamta|Cotton Puff Sleeve Shirt,unknown,Shirt,unknown
16260,Kiona|Stylish Cotton Midi Dress,unknown,Dress,unknown
16264,Stella|Poplin Mini Tier Dress,unknown,Dress,unknown
16268,Sonia|Cotton Mini Tier Dress,unknown,Dress,unknown
16272,Dakota|Classy Cotton Co-Ord Set,unknown,Co-Ord,unknown
16275,Filora Shorts|Cotton Floral Mini Shorts,unknown,Shorts,unknown
16278,Filora|Cotton Floral Co-Ord Set,unknown,Co-Ord,unknown
16281,Filora Shirt|Chic Cotton Floral Shirt,unknown,Shirt,unknown
16293,Dakota Shirt|Versatile Cotton Shirt,unknown,Shirt,unknown
16296,Dakota Shorts|Airy Cotton Mini Shorts,unknown,Shorts,unknown
16299,Sage|Cotton Poplin Mini Dress,unknown,Dress,unknown
16303,Shehnaz|Poplin Cotton Mini Dress,unknown,Dress,unknown
16308,Elijah|Cotton Smocking Mini Dress,unknown,Dress,unknown
16311,Roselle|Waist Detail Midi Dress,unknown,Dress,unknown
16315,Alexis|Waist Detail Midi Dress,unknown,Dress,unknown
16335,Alessa |Tier Dress With Smocking,unknown,Dress,unknown
16338,Indri|Chic Multi-Check Vest,unknown,Top,unknown
16341,Ice|Elegant Stripe Cami,unknown,Top,unknown
16344,Teagan|Cotton Camo Co-Ord Set,unknown,Co-Ord,unknown
16347,Livia|Cotton Seamed Buckle Zip Top,unknown,Top,unknown
16350,Zelda|Cotton Cargo Joggers,unknown,Trouser,unknown
16353,Reagan|Cool Cotton Cargo Pants,unknown,Trouser,unknown
16357,Orla|Cotton Straight-Fit Cargo Pants,unknown,Trouser,unknown
16361,Liora|Cotton Dip-Hem Pleat Top,unknown,Top,unknown
16365,Questa|Cotton Cargo Trench Dress,unknown,Dress,unknown
16368,Perrin|Cotton Dip-Hem Pleat Top,unknown,Top,unknown
16372,Tirzah|Luxe Cotton Cargo Jorts,unknown,Shorts,unknown
16375,Ursula|Luxe Cotton Cargo Jorts,unknown,Shorts,unknown
16389,Inara|Cotton Drawcord Cargo Skirt,unknown,Skirt,unknown
16393,Vespera|Cargo Boiler Suit,unknown,Jumpsuit,unknown
16397,Jade|Cotton Seersucker Mini Skirt,unknown,Skirt,unknown
16400,Nyx|Cotton Cargo Co-Ord Set,unknown,Co-Ord,unknown
16407,Shadow|Cotton Utility Co-Ord Set,unknown,Co-Ord,unknown
16410,Nyx Shirt|Cotton Seamed Collar Crop,unknown,Top,unknown
16413,Shadow Skirt|Cotton Cargo Pleat Skirt,unknown,Skirt,unknown
16416,Shadow Shirt|Cotton Seamed Collar Crop,unknown,Top,unknown
16420,Teagan Top|Corset In Cotton Camo,unknown,Top,unknown
16422,Teagan Skirt|Mini Skirt In Cotton Camo,unknown,Skirt,unknown
16426,Spark|Cotton Buckle-Up Crop Shirt,unknown,Shirt,unknown
16430,Sawyer|Plush Seamed Cotton Corset,unknown,Top,unknown
16433,Devon|Cotton Seamed Zipper Top,unknown,Top,unknown
16437,Lark|Cotton Buckle-Up Crop Shirt,unknown,Shirt,unknown
16441,Marlowe|Cotton Seamed Zipper Top,unknown,Top,unknown
16444,Onyx|Utility Balloon-Hem Mini Skirt,unknown,Skirt,unknown
16448,Quinn|Plush Seamed Cotton Corset,unknown,Top,unknown
16451,Reese|Cotton Utility Cinch Dress,unknown,Dress,unknown
16455,Kaida|Cotton Drawcord Cargo Skirt,unknown,Skirt,unknown
16459,Winx|Blue Ripped Boyfriend Jeans,unknown,Jeans,unknown
16462,Jinx|Ripped Girlfriend Jeans,unknown,Jeans,unknown
16468,Cyan| Denim Frayed Mini Skirt,unknown,Skirt,unknown
16478,Robin| Denim Cropped Trucker Jacket,unknown,Jacket,unknown
16483,Tawny|Denim Cropped Trucker Jacket,unknown,Jacket,unknown
16486,Jolie|Denim Drawstring Shirt,unknown,Shirt,unknown
16492,Colette|Denim Drawstring Shirt,unknown,Shirt,unknown
16496,Umbra|Denim Cropped Trucker Jacket,unknown,Jacket,unknown
16500,Ciel|Denim Patchwork Trucker Jacket,unknown,Jacket,unknown
16508,Eloise| Denim Frayed Midi Skirt,unknown,Skirt,unknown
16511,Rune|Textured Ruffle Top,unknown,Top,unknown
16523,Aspen|Linen Tie-Front Top,unknown,Top,unknown
16527,Violet|Slinky Cotton Corset,unknown,Top,unknown
16531,Petra|Viscose Linen Mini Dress,unknown,Dress,unknown
16534,Indigo|Linen Boxy Shirt,unknown,Top,unknown
16537,Atlas|Cotton Linen Top,unknown,Top,unknown
16541,River|Cotton A-line Dress,unknown,Dress,unknown
16545,Asher|Cotton Linen Dress,unknown,Dress,unknown
16548,Ocean| Linen Blend Tie-Front Top,unknown,Top,unknown
16551,Meadow|Collared Linen Top,unknown,Top,unknown
16555,Talia|Linen Cami Top,unknown,Top,unknown
16558,Veda|Collared Linen Top,unknown,Top,unknown
16567,Nova| Relaxed Trousers,unknown,Trouser,unknown
16572,Althea|Relaxed Sleeveless Top,unknown,Top,unknown
16575,Shifa Shorts|Linen Blend Relaxed Shorts,unknown,Shorts,unknown
16578,Cassia| Cotton Mini Dress,unknown,Dress,unknown
16584,Crystal|Front Twist Top,unknown,Top,unknown
16587,Celeste|Linen Blend Cut-Out Jumpsuit,unknown,Jumpsuit,unknown
16590,Shifa|Vest And Relaxed Shorts,unknown,Co-Ord,unknown
16595,Lyra Pant|Linen Blend Straight Pants,unknown,Trouser,unknown
16599,Solara|Cut-Out Jumpsuit,unknown,Jumpsuit,unknown
16609,Lyra|Linen Floral Co-Ord Set,unknown,Co-Ord,unknown
16622,Elora|Tie-Front Top,unknown,Top,unknown
16628,Zephyr|Linen Blend Co-Ord Set,unknown,Co-Ord,unknown
16631,Serena|Midi Side Ring Dress,unknown,Dress,unknown
16651,Alora 2.0|Blue Waist Coat Co-Ord Set,unknown,Co-Ord,unknown
16654,Alora 2.0 Gathered Skirt|Blue Buttoned Gathered Skirt,unknown,Skirt,unknown
16657,Zarah 2.0|Baby Pink Ruffle Co Ord Set,unknown,Co-Ord,unknown
16659,Alora 2.0 Vest Crop|Blue Crop Vest,unknown,Top,unknown
16667,Amaira 2.0 Wrap Skirt|Floral Wrap Skirt,unknown,Skirt,unknown
16670,Amaira 2.0|Floral Wrap Set,unknown,Co-Ord,unknown
16676,Kiana 2.0|Baby Blue Printed Co-Ord Set,unknown,Co-Ord,unknown
16682,Ikrah2.0 Bustier|Leopard Print Bandeau Top,unknown,Top,unknown
16685,Ikrah 2.0 Ruffle Top|Statement Bandeau Top,unknown,Top,unknown
16690,Raahika 2.0 Top|Polka Dot Ruffle Crop Top,unknown,Top,unknown
16694,Ziva 2.0 Dress|Puff Sleeved Printed Corset Harness Dress,unknown,Dress,unknown
16697,Raahika 2.0|Polka Dot Ruffle Set,unknown,Co-Ord,unknown
16700,Raahika 2.0 Skirt|Polka Dot Ruffle Skirt,unknown,Skirt,unknown
16704,Phoebe|Schiffli Cotton Co-Ord,unknown,Co-Ord,unknown
16708,Bryony| Contrast Broderie Anglais Co-Ord,unknown,Co-Ord,unknown
16712,Bayli|Contrast Schiffli Co-Ord,unknown,Co-Ord,unknown
16716,Katy|Broderie Anglais Co-Ord Set,unknown,Co-Ord,unknown
16720,Arlyn|Glam Cotton Wrap Skirt,unknown,Skirt,unknown
16723,Anastasia|Schiffli Cotton Co-Ord,unknown,Co-Ord,unknown
16727,Arum Trousers|Schiffli Capri Trousers,unknown,Trouser,unknown
16735,Aretha| Broderie Anglais Cotton Dress,unknown,Dress,unknown
16738,Bryony Skirt|Contrast Broderie Anglais Skirt,unknown,Skirt,unknown
16742,Bryony Top|Contrast Broderie Anglais Top,unknown,Top,unknown
16745,Bayli Top|Contrast Schiffli Cotton Top,unknown,Top,unknown
16748,Bayli Skirt|Contrast Schiffli Cotton Skirt,unknown,Skirt,unknown
16752,Katy Trouser| Broderie Anglais Trousers,unknown,Trouser,unknown
16757,Carleen|Contrast Broderie Anglais Dress,unknown,Dress,unknown
16764,Katy Top| Broderie Anglais Bandeau,unknown,Top,unknown
16768,Bonnie Top|Schiffli Strap Top,unknown,Top,unknown
16772,Celine|Schiffli Cotton Tiered Skirt,unknown,Skirt,unknown
16791,Izora|Schiffli Cotton Dress,unknown,Dress,unknown
16806,Marlin Top| Cotton Tiered Top,unknown,Top,unknown
16809,Angelina|Cotton Tiered Skirt,unknown,Skirt,unknown
16821,Tracey Skirt|Schiffli Mini Skirt,unknown,Skirt,unknown
16824,Anastasia Shorts |Cotton Schiffli Shorts,unknown,Shorts,unknown
16828,Nikki Top|Cotton Corset Top,unknown,Top,unknown
16833,Martha|Broderie Anglais Shirt,unknown,Shirt,unknown
16848,Phoebe Shorts|Contrast Schiffli Shorts,unknown,Shorts,unknown
16854,Phoebe Top|Contrast Cotton Schiffli Top,unknown,Top,unknown
16867,Avalon|Cotton Co-Ord Set,unknown,Co-Ord,unknown
16870,Brittani|Cotton Co-Ord Set,unknown,Co-Ord,unknown
16874,Cindy|Floral Co-Ords,unknown,Co-Ord,unknown
16877,Dany|Cotton Co-Ord Set,unknown,Co-Ord,unknown
16880,Milanka|Chic Cotton Co-Ords,unknown,Co-Ord,unknown
16884,Alicia|Cotton Striped Co-ords,unknown,Co-Ord,unknown
16887,Alicia Skirt|Cotton Striped Ruched Skirt,unknown,Skirt,unknown
16890,Alicia Top|Striped Cotton Crop Top,unknown,Top,unknown
16897,Lynn|Gathered-Detail Crop Top,unknown,Top,unknown
16903,Melanie|Bustier Cotton Crop Top,unknown,Top,unknown
16907,Deanna|Bustier Cotton Crop Top,unknown,Top,unknown
16912,Hanli|Cut-Out Cotton Dress,unknown,Dress,unknown
16915,Zeline|Cut-Out Cotton Dress,unknown,Dress,unknown
16919,Manila Top|Crop Top With Knot Detail,unknown,Top,unknown
16922,Manila Skirt|Striped Midi Skirt,unknown,Skirt,unknown
16928,Cindy Top|Crop Top With Knot Detail,unknown,Top,unknown
16935,Keenyah|Bubble-Hem Cotton Dress,unknown,Dress,unknown
16947,Dany Top|Cute Cotton Crop Top,unknown,Top,unknown
16955,Elyse|Pintuck Cotton Midi Dress,unknown,Dress,unknown
16964,Carly|Cropped Cotton Shirt,unknown,Shirt,unknown
16965,Avalon Skirt|Ruffled Cotton Mini Skirt,unknown,Skirt,unknown
16966,Tessa|Pleated Cotton Dress,unknown,Dress,unknown
16967,Avalon Top|Puff Sleeved Cotton Top,unknown,Top,unknown
16968,Joana|Cropped Cotton Shirt,unknown,Shirt,unknown
16970,Chloe|Cotton Bomber Jacket,unknown,Jacket,unknown
16972,Joslyn|Corset Cotton Crop Shirt,unknown,Top,unknown
16973,Jaslene|Sleek Midi Skirt With Gather Detailing,unknown,Skirt,unknown
16974,Anya|Ruched Cotton Crop Shirt,unknown,Top,unknown
16975,Felicia|Midi Skirt With Gathers,unknown,Skirt,unknown
16976,Ambreal|Cotton Corset Top,unknown,Top,unknown
16978,Cassandra|Bubble Hem Mini Skirt,unknown,Skirt,unknown
16979,Brittani Shorts|Paper Bag Cotton Shorts,unknown,Shorts,unknown
16980,Hancy|Cotton Shirt Dress,unknown,Shirt,unknown
16983,Michelle|Waist Detail Midi Dress,unknown,Dress,unknown
16984,Seren|Overlap Detail Jumpsuit,unknown,Jumpsuit,unknown
16986,Olivia|Ruffled Sleeve Dress,unknown,Dress,unknown
16989,Aries |Breathable Poly Crinkle Ruffled Sleeve Dress,unknown,Dress,unknown
16994,Diana|Spandex Lace Bodysuit,unknown,Top,unknown
16997,Harper|Cotton Bustier Crop Top,unknown,Top,unknown
17000,Bali|Floral A-Line Dress,unknown,Dress,unknown
17004,Tiffany|Striped Cotton Co-ords,unknown,Co-Ord,unknown
17007,Alyson|Chic Cotton Shorts,unknown,Shorts,unknown
17010,Erin|Mom Fit Trousers,unknown,Trouser,unknown
17011,Judy|Chic Barrel Pants,unknown,Trouser,unknown
17012,Poppy|Cotton Top With Frills,unknown,Top,unknown
17018,Tiffany Skirt|Cotton Skirt With Tie-up,unknown,Skirt,unknown
17021,Amari|Chic Pleated Skirt,unknown,Skirt,unknown
17022,Megan|Cami Top With Front Twist,unknown,Top,unknown
17023,Elissa|Tier Dress With Smocking,unknown,Dress,unknown
17024,Winnie|Cami Top With Bow Detail,unknown,Top,unknown
17025,Annie|Striped Shirt With Bustier,unknown,Shirt,unknown
17026,Angela|Striped Shirt With Tie-Up,unknown,Shirt,unknown
17027,Venessa|Striped High-Low Shirt,unknown,Shirt,unknown
17028,Wendy|Halter Neck Jumpsuit,unknown,Jumpsuit,unknown
17029,Merrin|Pleat Detail Striped Dress,unknown,Dress,unknown
17030,Krystal|Striped Cropped Shirt,unknown,Shirt,unknown
17031,Jamie|Cropped Boxy Shirt,unknown,Shirt,unknown
17032,Margo|Frill Detail Crop Top,unknown,Top,unknown
17033,Marisa|Curved Hem Cropped Shirt,unknown,Shirt,unknown
17034,Tiffany Shirt|Striped Cropped Shirt,unknown,Shirt,unknown
17036,Julia|Striped Tie-Up Crop Top,unknown,Top,unknown
17037,Lizzy|Panelled Striped Shirt,unknown,Shirt,unknown
17038,Carrie|Crop Shirt With Ruching,unknown,Shirt,unknown
17039,Jessica|Shirt With Side Ruching,unknown,Shirt,unknown
17068,Brooke|High-Waist Pleated Shorts,unknown,Shorts,unknown
17069,Petula|Wide Leg Trousers,unknown,Trouser,unknown
17070,Lesya|High-Waist Pleated Shorts,unknown,Shorts,unknown
17071,Laurel|Strappy Floral Top,unknown,Top,unknown
17073,Margot|Floral Satin Bomber,unknown,Jacket,unknown
17074,Hyacinth|Knot Detail Midi Dress,unknown,Dress,unknown
17075,Rue|Strappy Floral Dress,unknown,Dress,unknown
17076,Darcel Top|Strappy Floral Corset,unknown,Top,unknown
17081,Sharon|Tie-Up Floral Dress,unknown,Dress,unknown
17082,Darcel Trouser|Floral Satin Trousers,unknown,Trouser,unknown
17083,Lila Top|Floral Satin Corset,unknown,Top,unknown
17084,Zinnia Top|Floral Knot-Detail Top,unknown,Top,unknown
17085,Rosette|Floral Bustier Top,unknown,Top,unknown
17086,Holly|Floral Cowl-Neck Top,unknown,Top,unknown
17087,Zinnia Skirt|Ruched Satin Mini Skirt,unknown,Skirt,unknown
17088,Danica Top|Floral Crop Top,unknown,Top,unknown
17089,Ruki|Moss Crepe Pencil Skirt,unknown,Skirt,unknown
17090,Danica Skirt|Floral Satin Skirt,unknown,Skirt,unknown
17091,Lila Shorts|Floral Satin Shorts,unknown,Shorts,unknown
17092,Cassie|Floral Satin Dress,unknown,Dress,unknown
17095,Abigail|Floral Satin Dress,unknown,Dress,unknown
17098,Ornella|Strappy Floral Dress,unknown,Dress,unknown
17099,Camillia|Floral Mini Dress,unknown,Dress,unknown
17103,Lila|Floral Satin Co-Ords,unknown,Co-Ord,unknown
17104,Danica|Floral Satin Co-Ords,unknown,Co-Ord,unknown
17105,Darcel|Floral Satin Co-Ords,unknown,Co-Ord,unknown
17106,Zinnia|Floral Satin Co-Ords,unknown,Co-Ord,unknown
17107,Bianca|Off Shoulder Co-Ords,unknown,Co-Ord,unknown
17108,Estella|Off Shoulder Co-Ords,unknown,Co-Ord,unknown
17109,Sandra|Chic Corset Dress,unknown,Dress,unknown
17111,Carla|Ruffle-Detail Mini Dress,unknown,Dress,unknown
17112,Ceri|Ruffle-Detail Mini Dress,unknown,Dress,unknown
17115,Tyra|Asymmetric Mini Dress,unknown,Dress,unknown
17116,Harlie|Asymmetric Mini Dress,unknown,Dress,unknown
17120,Candice|Lycra Satin Mini Dress,unknown,Dress,unknown
17121,Bianca Skirt|Sleek Mini Skirt,unknown,Skirt,unknown
17128,Claret|Lycra Satin Midi Skirt,unknown,Skirt,unknown
17130,Rachel|Lycra Satin Halter Dress,unknown,Dress,unknown
17131,Marilyn|Halter Neck Satin Dress,unknown,Dress,unknown
17132,Raven|Halter Neck Satin Dress,unknown,Dress,unknown
17133,Scarlet|Satin Bodycon Dress,unknown,Dress,unknown
17134,Juliet|Satin Bodycon Dress,unknown,Dress,unknown
17135,Elsie|Fit & Flare Dress,unknown,Dress,unknown
17138,Trula|Checked Cotton Mini Skirt,unknown,Skirt,unknown
17139,Roxie Trouser|Checked Cotton Trouser,unknown,Trouser,unknown
17140,Roxie Top|Checked Cotton Crop Top,unknown,Top,unknown
17141,Roxie|Checked Cotton Co-Ords,unknown,Co-Ord,unknown
17144,Jaoni|Tapered Cotton Trousers,unknown,Trouser,unknown
17146,Eden|Checked Cotton Dress,unknown,Dress,unknown
17147,Coco Top|Checked Cotton Corset,unknown,Top,unknown
17148,Sandy|Checked Cotton Co-Ords,unknown,Co-Ord,unknown
17149,Cleo Skirt|Cotton Skater Skirt,unknown,Skirt,unknown
17151,Cleo|Checked Cotton Co-ords,unknown,Co-Ord,unknown
17154,Athena|Striped Cotton Playsuit,unknown,Dress,unknown
17155,Cheryl|Polka Boxy Cotton Shirt,unknown,Shirt,unknown
17156,Elara|Checked Off Shoulder Dress,unknown,Dress,unknown
17158,Rory|Checked Cotton Co-Ords,unknown,Co-Ord,unknown
17159,Lucy Trouser|Checked Cotton Trousers,unknown,Trouser,unknown
17161,Camille|Floral Crop Top,unknown,Top,unknown
17162,Lucy Top|Checked Cotton Crop Top,unknown,Top,unknown
17163,Lucy|Checked Cotton Co-ords,unknown,Co-Ord,unknown
17164,Sandy Top|Checked Peplum Cotton Top,unknown,Top,unknown
17167,Coco|Checked Cotton Co-Ords,unknown,Co-Ord,unknown
17168,Jenna|Polka Boxy Cotton Shirt,unknown,Shirt,unknown
17173,Maxie|Cropped Checked Shirt,unknown,Top,unknown
17175,Geri|Striped Cotton Trousers,unknown,Trouser,unknown
17176,Nancy|Tapered Cotton Trousers,unknown,Trouser,unknown
17179,Rory Skirt|Pleated Cotton Skirt,unknown,Skirt,unknown
17184,Ginger|Floral A-Line Dress,unknown,Dress,unknown
17185,Sky|Checked Off Shoulder Dress,unknown,Dress,unknown
17187,Mahnoor|Cotton Lycra Mini Dress,unknown,Dress,unknown
17191,Betty|Cotton Checked Co-Ords,unknown,Co-Ord,unknown
17192,Novah|Floral Cotton Dress,unknown,Dress,unknown
17197,Daisy|Lyocell Midi Dress,unknown,Dress,unknown
17198,Anida|Fit & Flare Dress,unknown,Dress,unknown
17202,Rebecca|Modal Shift Dress,unknown,Dress,unknown
17207,Grace|Polka Print Wrap Dress,unknown,Dress,unknown
17208,Amelia|Smocked Floral Dress,unknown,Dress,unknown
17210,Calin|Lace-Up Shirt Dress,unknown,Dress,unknown
17214,Ruby|Metallic Mini Dress,unknown,Dress,unknown
17220,Pia|Chic Cotton Mini Dress,unknown,Dress,unknown
17222,Uzuri|Schiffli Cotton Dress,unknown,Dress,unknown
17223,Rhea|Schiffli Cotton Dress,unknown,Dress,unknown
17225,Kenza|Monochrome Wrap Dress,unknown,Dress,unknown
17227,Isla|Schiffli Cotton Dress,unknown,Dress,unknown
17228,Rose|Cut-Out Floral Dress,unknown,Dress,unknown
17229,Miley|Cut-Out Floral Dress,unknown,Dress,unknown
17232,Juna|Smocked Floral Dress,unknown,Dress,unknown
17236,Aranya|Floral Midi Dress,unknown,Dress,unknown
17237,Dora|Floral Tie-Up Dress,unknown,Dress,unknown
17240,Emily|Back Detail Cotton Dress,unknown,Dress,unknown
17241,Arwa|Smocked Floral Dress,unknown,Dress,unknown
17242,Aria|Printed Shirt Dress,unknown,Dress,unknown
17243,Nirja|Animal Print Lace-Up Dress,unknown,Dress,unknown
17246,Erum|Ruffled Cotton Dress,unknown,Dress,unknown
17247,Eva|Back Detail Mini Dress,unknown,Dress,unknown
17248,Avika|Modal Shirt Dress,unknown,Dress,unknown
17250,Mishka|Breezy Cotton Dress,unknown,Dress,unknown
17251,Nia|Dark Floral Dress,unknown,Dress,unknown
17252,Viha|Wrap Cotton Dress,unknown,Dress,unknown
17255,Miya|Crossback Midi Dress,unknown,Dress,unknown
17256,Risha|Smocked Floral Dress,unknown,Dress,unknown
17259,Tashi|Yellow Cut-Out Dress,unknown,Dress,unknown
17262,Zahra|Floral Button-Down Dress,unknown,Dress,unknown
17268,Riana|Lyocell Cinched Dress,unknown,Dress,unknown
17269,Raahi|Houndstooth Print Dress,unknown,Dress,unknown
17271,Reem|Batwing Sleeve Midi Dress,unknown,Dress,unknown
17272,Reeva|Printed Square-Neck Dress,unknown,Dress,unknown
17275,Faye|Cotton Wrap Dress,unknown,Dress,unknown
17277,Kira|Floral Bodycon Dress,unknown,Dress,unknown
17278,Xiti|Lyocell Mini Dress,unknown,Dress,unknown
17283,Amira|Checked Cotton Wrap Dress,unknown,Dress,unknown
17285,Myra|Printed Batwing Dress,unknown,Dress,unknown
17288,Nysa|Lace-Up Ornate Print Dress,unknown,Dress,unknown
17289,Abiha|Gingham Dress With Tie-Up,unknown,Dress,unknown
17290,Nida|Soft Lyocell Dress,unknown,Dress,unknown
17291,Anaya|Floral Shift Dress,unknown,Dress,unknown
17292,Hana|Draped Shirt Dress,unknown,Dress,unknown
17293,Aliza|Floral Cotton Dress,unknown,Dress,unknown
17294,Avani|Floral Dress With Tie-Up,unknown,Dress,unknown
17295,Kavi|Soft Lyocell Dress,unknown,Dress,unknown
17296,Ati|Printed Halter Dress,unknown,Dress,unknown
17297,Amlan|Polka Printed Mini Dress,unknown,Dress,unknown
17299,Kaya|Checked Cotton Wrap Dress,unknown,Dress,unknown
17302,Zayna|Button Down Denim Dress,unknown,Dress,unknown
17303,Alaya|Floral A-Line Dress,unknown,Dress,unknown
17304,Parva|Printed Wrap Dress,unknown,Dress,unknown
17305,Amara|Tie-Up Cotton Dress,unknown,Dress,unknown
17306,Zoe|Whimsical Print Mini Dress,unknown,Dress,unknown
17308,Veera|Floral Printed Midi Dress,unknown,Dress,unknown
17309,Kaina|Floral Bodycon Dress,unknown,Dress,unknown
17311,Aamna|Draped Shirt Dress,unknown,Dress,unknown
17315,Anviti|Tie-Up Metallic Dress,unknown,Dress,unknown
17316,Saba|Modal Shirt Dress,unknown,Dress,unknown
17317,Eve|Tiered Cotton Dress,unknown,Dress,unknown
17320,Hriya|Floral Midi Dress,unknown,Dress,unknown
17324,Lydia|Midi Dress With Pockets,unknown,Dress,unknown
17327,Alia|Floral Midi Dress,unknown,Dress,unknown
17329,Dwiti|Batwing Floral Dress,unknown,Dress,unknown
17330,Erisha|A-Line Animal Print Dress,unknown,Dress,unknown
17332,Eesha|Printed Tiered Dress,unknown,Dress,unknown
17336,Arya|Printed Tiered Dress,unknown,Dress,unknown
17339,Nura|Animal Print Mini Dress,unknown,Dress,unknown
17340,Lina|Printed Shift Dress,unknown,Dress,unknown
17341,Zia|Printed Wrap Dress,unknown,Dress,unknown
42029,Roe|Trucotton Boat Neck Top With Rolled-Up Sleeve,unknown,Top,unknown
42030,Gary|Linen+ Tunic Shirt With Flap Placket,unknown,Top,unknown
42031,Lipa|Linen+ Collared Shirt With Boxy Fit,unknown,Top,unknown
42032,Ria|Linen+ Maxi Dress With Criss-Cross Back,unknown,Dress,unknown
42033,Rysa|Linen+ Halter Dress With Back Criss-Cross,unknown,Dress,unknown
42034,Teesha|Linen+ Collared Shirt With Boxy Fit,unknown,Top,unknown
42035,Alya|Linen+ Boxy Fit Dolman Sleeve Top,unknown,Top,unknown
42036,Alvia|Linen+ Pintuck Kaftan Dress With Tie-Up At Back,unknown,Dress,unknown
42037,Yvenne|Linen+ Sleeveless Top With Pintuck Detail,unknown,Top,unknown
42038,Kriya|Linen+ A-Line Skirt Asymmetrical,unknown,Skirt,unknown
42039,Krisha|Trucotton Maxi Skirt With Front Slit,unknown,Skirt,unknown
42040,Willy|Trucotton Lace Detail Top With Blouson Sleeve,unknown,Top,unknown
42041,Noora|Trucotton A-Line Dress With Cut-Out Waist,unknown,Dress,unknown
42042,Ira|Linen+ Collared Shirt With Boxy Fit,unknown,Top,unknown
42043,Raya|Linen+ Mandarin Collar Shirt Popover,unknown,Top,unknown
42044,Somer|Linen+ Lace Detail Top With Blouson Sleeve,unknown,Top,unknown
42045,Tina|Pleated Detail Striped Shirt,unknown,Shirt,unknown
42046,Tira|Striped High-Low Layer Top,unknown,Top,unknown
42047,Olive|Front Open Twill Dress,unknown,Dress,unknown
42049,Kusum Shirt|Trucotton Dobby Regular Shirt,unknown,Shirt,unknown
42050,Aprajita|Linen+ Striped Pleated Skirt,unknown,Skirt,unknown
42051,Kusum Top|Linen+ Eco-Printed Tie-Up Waistcoat,unknown,Jacket,unknown
42052,Mogra|Linen+ Eco-Printed Extended Shoulder Waist Coat,unknown,Top,unknown
42053,Kanchan|Linen+ Eco-Printed Slit Sleeve Top,unknown,Top,unknown
42054,Parijat|Linen+ Striped Asymmetrical Wrap Top,unknown,Top,unknown
42055,Hibiscus|Linen+ Striped Bermuda Shorts,unknown,Shorts,unknown
42056,Trooper|Striped Tiered Midi Skirt,unknown,Skirt,unknown
42057,Kyna|Striped Buttoned V-Neck Vest,unknown,Top,unknown
42058,Sunshine|Peter Pan Collar Boxy Shirt,unknown,Shirt,unknown
42059,Delisa|Truviscose Dress With Intricate Contrast Embroidery,unknown,Dress,unknown
42060,Clemmi|Trucotton Vest V-Neck With Embroidered Detail,unknown,Top,unknown
42061,Lessie|Truviscose Skirt Midi Length With Ruffle,unknown,Skirt,unknown
42062,Sarra|Trucotton Dress With Intricate Contrast Embroidery,unknown,Dress,unknown
42063,Perri|Trucotton Vest V-Neck With Embroidered Detail,unknown,Top,unknown
42064,Jinni|Truviscose Top With Intricate Contrast Embroidery,unknown,Top,unknown
42065,Rik|Truviscose Top Tie-Up Style With Embroidery,unknown,Top,unknown
42066,Davy|Trucotton Dress With Intricate Contrast Embroidery,unknown,Dress,unknown
42067,Roshelle|Truviscose Skirt Midi Length With Ruffle,unknown,Skirt,unknown
42068,Arther|Truviscose Top With Intricate Contrast Embroidery,unknown,Top,unknown
42069,Fritzie|Trucotton Shirt With Lace Detail Blouson Fit,unknown,Top,unknown
42070,Sefina|Trucotton Dress With Intricate Contrast Embroidery,unknown,Dress,unknown
42071,Tasa|Trucotton Shirt With Lace Detail Blouson Fit,unknown,Top,unknown
42072,Oles|Truviscose Top Tie-Up Style With Embroidery,unknown,Top,unknown
42073,Malhar |Trucotton Block Print Split Pants,unknown,Trouser,unknown
42074,Falak|Trucotton Ruched Detail Block Print  Top,unknown,Top,unknown
42075,Gulrez|Trucotton Pleated Block Print Shorts,unknown,Shorts,unknown
42076,Champa|Linen+ Eco-Printed Side Slit Tunic,unknown,Dress,unknown
42077,Gulaab|Linen+ Front Tie-Up Pintuck Midi Dress,unknown,Dress,unknown
42078,Gulmohar|Trucotton Block Print Slip Dress,unknown,Dress,unknown
42079,Kamal|Linen+ Eco-Printed Pleated Straight Pants,unknown,Trouser,unknown
42080,Palash|Trucotton Puff Sleeve Block Print Mini Dress,unknown,Dress,unknown
42081,Jashn|Trucotton V Neck Block Print Slip Midi Dress,unknown,Dress,unknown
42082,Gulnar|Trucotton Flutter Sleeve Block Print Top,unknown,Top,unknown
42083,Champai|Trucotton Cinched Waist Block Print Crop Top,unknown,Top,unknown
42084,Frangipani|Trucotton Bell Sleeve Block Print Mini Dress,unknown,Dress,unknown
42085,Jarul|Trucotton Wrapped Tie Up Block Print Skirt,unknown,Skirt,unknown
42086,Noor |Trucotton Long Tie Up Block Print Crop Top,unknown,Top,unknown
42087,Kachnar|Trucotton Cinched Waist Block Print Crop Top,unknown,Top,unknown
42088,Tricia|Black Embellished Midi Dress,unknown,Dress,unknown
42089,Ryah|Black Embellished Dolman Top,unknown,Top,unknown
42090,Roz|Maroon Embellished Midi Dress,unknown,Dress,unknown
42091,Bayla|Maroon Embellished Dolman Top,unknown,Top,unknown
42092,Frozy|Back Cutout Mini Dress,unknown,Dress,unknown
42093,May|Embroidered Distressed Wash Tee,unknown,Top,unknown
42094,Yosha|Grey Overlap Knit Tee,unknown,Top,unknown
42095,Ollie|Distressed Wash Embroidered Tee,unknown,Top,unknown
42096,Maura|Trucotton Tie-Up Front Detail Pink Dress,unknown,Dress,unknown
42097,Angel|Ruffled Mini Dress With Bow,unknown,Dress,unknown
42098,Val|Red Balloon Skirt Dress,unknown,Dress,unknown
42099,Sugar|Bell Sleeve Regular Shirt,unknown,Shirt,unknown
42100,Honey|Black Balloon Skirt Dress,unknown,Dress,unknown
42101,Taranum|Jaipur Block Print Long Shirt,unknown,Shirt,unknown
42102,Naazneen|Jaipur Block Print Bootcut Pants,unknown,Trouser,unknown
42103,Chitrangada|Jaipur Block Print Cutout Dress,unknown,Dress,unknown
42104,Roshana|Jaipur Block Print Peplum Top,unknown,Top,unknown
42105,Noorjah|Jaipur Block Print Flared Skirt,unknown,Skirt,unknown
42106,Noorani|Jaipur Block Print Bralette,unknown,Top,unknown
42107,Shahnaz|Jaipur Block Print Ruffle Shirt,unknown,Shirt,unknown
42108,Ruhani|Jaipur Block Print Tie Top,unknown,Top,unknown
42109,Parizaad|Jaipur Block Print Slit Skirt,unknown,Skirt,unknown
42110,Nazira |Puff Sleeve Block Print Shirt,unknown,Shirt,unknown
42111,Nooraya|Jaipur Block Print Fit & Flare,unknown,Dress,unknown
42112,Sitara|Teal Jaipur Block Print Dress,unknown,Dress,unknown
42113,Almas|Jaipur Block Print Pin Tuck Top,unknown,Shirt,unknown
42114,Amber|Jaipur Block Print Pleated Shorts,unknown,Shorts,unknown
42115,Suhaili|Teal Jaipur Block Print Top,unknown,Shirt,unknown
42116,Maisie|Trucotton Shirt Dress With Vest Layer,unknown,Dress,unknown
42117,Marissa|Trucotton Shirt Dress With Vest Layer,unknown,Dress,unknown
42118,Marley|Trucotton Shirt Dress With Vest Layer,unknown,Dress,unknown
42119,Oakley|Viscose+ Strappy Vest With V-Shape Hem,unknown,Top,unknown
42120,Presley|Viscose+ Striped Pleated Culottes,unknown,Shorts,unknown
42121,Natalie|Viscose+  High Collar Vest With Zipper,unknown,Top,unknown
97539,Crissy|Truviscose Maxi Dress Strappy Lace Style,unknown,Dress,unknown
97540,Nira|Truviscose Maxi Dress Strappy Lace Style,unknown,Dress,unknown
97541,Kria|Truviscose Wrap Skirt With Asymmetric Hem,unknown,Skirt,unknown
97542,Areya|Grey Knitted Corset T-Shirt,unknown,Tshirt,unknown
97543,Beckett|Maroon Varsity Style Casual Tee,unknown,Tshirt,unknown
97544,Aira|Pink Knitted Corset T-Shirt,unknown,Tshirt,unknown
97545,Sal|Trucotton Balloon Sleeve Embroidered Top,unknown,Top,unknown
97546,Oshin|Trucotton Tie-Up Waist Bell Sleeve Dress,unknown,Dress,unknown
97547,True|Trucotton Embroiderd Blouson Sleeve Top,unknown,Shirt,unknown
97548,Omar|Trucotton Cropped Off-Shoulder Top,unknown,Top,unknown
97549,Krya|Trucotton Long Sleeve Tie-Up Top,unknown,Top,unknown
97550,Runa|Trucotton High-Waisted Balloon Fit Pants,unknown,Trouser,unknown
97551,Vira|Trucotton Peplum Waist Front-Tie Top,unknown,Top,unknown
97552,Sora|Trucotton Balloon Sleeve Button Down Top,unknown,Shirt,unknown
97554,Amiya|Linen+ A-Line Dress Maxi,unknown,Dress,unknown
97555,Rosa|Linen+ Sleeveless Top With Pintuck Detail,unknown,Top,unknown
97556,Rosy|Front Open Twill Dress,unknown,Dress,unknown
97557,Nico|Black Cutout Detail Ribbed Top,unknown,Top,unknown
97558,Oman|Embroidered Cutout Detail Tee,unknown,Top,unknown
97559,Ora|Cutout Detail Embroidered Tee,unknown,Top,unknown
97561,Kezza|Pink Cutout Detail Ribbed Top,unknown,Top,unknown
116103,Riva|Truviscose Top With Pintuck Lace Ruffle Sleeves,unknown,Top,unknown
116104,Osha|Truviscose Top With Pintuck Lace Ruffle Sleeves,unknown,Top,unknown
116105,Greta|Trucotton Tier Midi Dress,unknown,Dress,unknown
116106,Kona|Trucotton Waist Gathered Dress,unknown,Dress,unknown
116107,Isolde|Linen+ Floral Midi Dress With Gather Detail,unknown,Dress,unknown
118441,Vinny|Truviscose Maxi Dress Strappy Lace Style,unknown,Dress,unknown
118442,Arna|Trucotton Front-Pleated Straight Fit Pant,unknown,Trouser,unknown
118443,Allie|Trucotton Buttoned Fitted Style Waistcoat,unknown,Jacket,unknown
118444,Margaret|Trucotton Printed Skater Dress,unknown,Dress,unknown
118445,Seraphina|Linen+ Midi Ruffle Dress,unknown,Dress,unknown
118446,Willa|Linen+ Gathered Dress,unknown,Dress,unknown
118447,Penyl|TruCotton Back Tie-up Detail Tier Dress,unknown,Dress,unknown
118448,Reney|TruCotton Back Tie-up Detail Tier Dress,unknown,Dress,unknown
118449,Rina|TruCotton Flare Dress With Bow Detail,unknown,Dress,unknown
118450,Liya|TruCotton Side Popper Tab Detail Aqua Top,unknown,Top,unknown
118451,Diva|TruCotton Flare Dress With Bow Detail,unknown,Dress,unknown
118452,Torri|TruCotton Pleated Popper Crop Top,unknown,Top,unknown
118453,Aurela Top|TruCotton Peter Pan collar blouse,unknown,Top,unknown
118454,Nayra Skirt|TruTencel flared skirt with pockets,unknown,Skirt,unknown
118455,Samira|TruCotton square neck Puff Midi dress,unknown,Dress,unknown
118456,Zarael | TruViscose Puff Sleeve Mini dress,unknown,Dress,unknown
118457,Rayla Shirt|TruViscose Floral Puff sleeve shirt,unknown,Shirt,unknown
118458,Vivara|TruViscose Floral Tiered Cut Out Dress,unknown,Dress,unknown
118459,Elaria|Trutencel Volume Sleeve Midi Dress,unknown,Dress,unknown
118460,Nayra Top|TruTencel One Shoulder Peplum Top,unknown,Top,unknown
118461,Nayra|TruTencel Peplum top and flared skirt,unknown,Co-Ord,unknown
118462,Rayla Skirt|TruViscose Tiered Floral Mini Skirt,unknown,Skirt,unknown
118463,Aurela Pant|TruCotton Flared Trousers,unknown,Trouser,unknown
118464,Zafira|TruCotton Textured Wide Leg Pants,unknown,Trouser,unknown
